,mape,mse,rmse,r2
0,0.002779610856875442,0.001153110114020194,0.033957475083112316,0.9933641632067806
