,mape,mse,rmse,r2
0,0.002814288549367109,0.0011756058181260339,0.03428710862884232,0.9930936085701918
