,mape,mse,rmse,r2
0,0.0027798351356778427,0.0011541976948401772,0.033973485173590556,0.993357904473349
