,mape,mse,rmse,r2
0,0.0028126953996900263,0.0011745824423814101,0.03427218175694991,0.9930996206478484
